"DESCRIPTION","DURATION IN MS","NAME","PARENT SUITE","START TIME","STATUS","STOP TIME","SUB SUITE","SUITE","TEST CLASS","TEST METHOD"
"","10951","Continue shopping test","chromium","2026-10-09","passed","2026-10-09","","D03CartTest.spec.js","",""
"","6874","Test for checkout","chromium","2026-10-09","passed","2026-10-09","","D04Checkout.spec.js","",""
"","6772","Remove product from cart","chromium","2026-10-09","passed","2026-10-09","","D03CartTest.spec.js","",""
"","7530","Login with valid credtionals","chromium","2026-10-09","passed","2026-10-09","","D01LoginTest.spec.js","",""
"","5596","Login for blank credtionals","chromium","2026-10-09","passed","2026-10-09","","D01LoginTest.spec.js","",""
"","12146","Open Cart Page","chromium","2026-10-09","passed","2026-10-09","","D02InventoryTest.spec.js","",""
"","9140","Test for add item to cart","chromium","2026-10-09","passed","2026-10-09","","D02InventoryTest.spec.js","",""
"","7301","Overview test","chromium","2026-10-09","passed","2026-10-09","","D05OverviewTest.spec.js","",""
"","8632","Checkout test","chromium","2026-10-09","passed","2026-10-09","","D03CartTest.spec.js","",""
"","9624","Get product count test","chromium","2026-10-09","passed","2026-10-09","","D02InventoryTest.spec.js","",""
"","6504","Get product Name","chromium","2026-10-09","passed","2026-10-09","","D03CartTest.spec.js","",""
"","8545","Get the product details","chromium","2026-10-09","passed","2026-10-09","","D02InventoryTest.spec.js","",""
